[{"model": "contenttypes.contenttype", "pk": 1, "fields": {"app_label": "admin", "model": "logentry"}}, {"model": "contenttypes.contenttype", "pk": 2, "fields": {"app_label": "auth", "model": "permission"}}, {"model": "contenttypes.contenttype", "pk": 3, "fields": {"app_label": "auth", "model": "group"}}, {"model": "contenttypes.contenttype", "pk": 4, "fields": {"app_label": "contenttypes", "model": "contenttype"}}, {"model": "contenttypes.contenttype", "pk": 5, "fields": {"app_label": "sessions", "model": "session"}}, {"model": "contenttypes.contenttype", "pk": 6, "fields": {"app_label": "data_models", "model": "member"}}, {"model": "contenttypes.contenttype", "pk": 7, "fields": {"app_label": "data_models", "model": "category"}}, {"model": "contenttypes.contenttype", "pk": 8, "fields": {"app_label": "data_models", "model": "articleversion"}}, {"model": "contenttypes.contenttype", "pk": 9, "fields": {"app_label": "data_models", "model": "article"}}, {"model": "sessions.session", "pk": "lbqsidua3wtcjokix8l5cy5u23nczrba", "fields": {"session_data": "MGVjOGMyODZmOGFkOGQ1NDMxYzNiZWFkODY2NTAzYzc1ODNjMTYzZTp7Il9hdXRoX3VzZXJfaGFzaCI6ImMzMDAyNmY2MzZlMzI3OWJhZTNlMGI0NmM3ZjI0MDM5ZWM0ZTFiNzEiLCJfYXV0aF91c2VyX2lkIjoiMSIsIl9hdXRoX3VzZXJfYmFja2VuZCI6ImRqYW5nby5jb250cmliLmF1dGguYmFja2VuZHMuTW9kZWxCYWNrZW5kIn0=", "expire_date": "2016-07-03T11:17:22.473Z"}}, {"model": "data_models.category", "pk": 1, "fields": {"title": "Uncategorized"}}, {"model": "data_models.category", "pk": 2, "fields": {"title": "Category 1"}}, {"model": "data_models.category", "pk": 3, "fields": {"title": "Category 2"}}, {"model": "data_models.category", "pk": 4, "fields": {"title": "Category 3"}}, {"model": "data_models.category", "pk": 5, "fields": {"title": "Category 4"}}, {"model": "auth.permission", "pk": 1, "fields": {"name": "Can add log entry", "content_type": 1, "codename": "add_logentry"}}, {"model": "auth.permission", "pk": 2, "fields": {"name": "Can change log entry", "content_type": 1, "codename": "change_logentry"}}, {"model": "auth.permission", "pk": 3, "fields": {"name": "Can delete log entry", "content_type": 1, "codename": "delete_logentry"}}, {"model": "auth.permission", "pk": 4, "fields": {"name": "Can add permission", "content_type": 2, "codename": "add_permission"}}, {"model": "auth.permission", "pk": 5, "fields": {"name": "Can change permission", "content_type": 2, "codename": "change_permission"}}, {"model": "auth.permission", "pk": 6, "fields": {"name": "Can delete permission", "content_type": 2, "codename": "delete_permission"}}, {"model": "auth.permission", "pk": 7, "fields": {"name": "Can add group", "content_type": 3, "codename": "add_group"}}, {"model": "auth.permission", "pk": 8, "fields": {"name": "Can change group", "content_type": 3, "codename": "change_group"}}, {"model": "auth.permission", "pk": 9, "fields": {"name": "Can delete group", "content_type": 3, "codename": "delete_group"}}, {"model": "auth.permission", "pk": 10, "fields": {"name": "Can add content type", "content_type": 4, "codename": "add_contenttype"}}, {"model": "auth.permission", "pk": 11, "fields": {"name": "Can change content type", "content_type": 4, "codename": "change_contenttype"}}, {"model": "auth.permission", "pk": 12, "fields": {"name": "Can delete content type", "content_type": 4, "codename": "delete_contenttype"}}, {"model": "auth.permission", "pk": 13, "fields": {"name": "Can add session", "content_type": 5, "codename": "add_session"}}, {"model": "auth.permission", "pk": 14, "fields": {"name": "Can change session", "content_type": 5, "codename": "change_session"}}, {"model": "auth.permission", "pk": 15, "fields": {"name": "Can delete session", "content_type": 5, "codename": "delete_session"}}, {"model": "auth.permission", "pk": 16, "fields": {"name": "Can add member", "content_type": 6, "codename": "add_member"}}, {"model": "auth.permission", "pk": 17, "fields": {"name": "Can change member", "content_type": 6, "codename": "change_member"}}, {"model": "auth.permission", "pk": 18, "fields": {"name": "Can delete member", "content_type": 6, "codename": "delete_member"}}, {"model": "auth.permission", "pk": 19, "fields": {"name": "Can add category", "content_type": 7, "codename": "add_category"}}, {"model": "auth.permission", "pk": 20, "fields": {"name": "Can change category", "content_type": 7, "codename": "change_category"}}, {"model": "auth.permission", "pk": 21, "fields": {"name": "Can delete category", "content_type": 7, "codename": "delete_category"}}, {"model": "auth.permission", "pk": 22, "fields": {"name": "Can add article version", "content_type": 8, "codename": "add_articleversion"}}, {"model": "auth.permission", "pk": 23, "fields": {"name": "Can change article version", "content_type": 8, "codename": "change_articleversion"}}, {"model": "auth.permission", "pk": 24, "fields": {"name": "Can delete article version", "content_type": 8, "codename": "delete_articleversion"}}, {"model": "auth.permission", "pk": 25, "fields": {"name": "Can add article", "content_type": 9, "codename": "add_article"}}, {"model": "auth.permission", "pk": 26, "fields": {"name": "Can change article", "content_type": 9, "codename": "change_article"}}, {"model": "auth.permission", "pk": 27, "fields": {"name": "Can delete article", "content_type": 9, "codename": "delete_article"}}, {"model": "data_models.member", "pk": 1, "fields": {"password": "pbkdf2_sha256$24000$USCtHuRxpId3$wEFnaYbUhvomykYhY9qinGqqD6mAtVIAq/P2Xa+FwZE=", "last_login": "2016-06-19T11:17:22.471Z", "is_superuser": true, "username": "admin", "email": "admin@admin.com", "first_name": "", "last_name": "", "is_staff": true, "is_active": true, "date_joined": "2016-06-19T11:16:57.588Z", "groups": [], "user_permissions": []}}, {"model": "data_models.member", "pk": 2, "fields": {"password": "passord123", "last_login": null, "is_superuser": false, "username": "user_normal", "email": "user@normal.com", "first_name": "User", "last_name": "Normal", "is_staff": false, "is_active": true, "date_joined": "2016-06-19T11:23:15.000Z", "groups": [], "user_permissions": []}}, {"model": "data_models.member", "pk": 3, "fields": {"password": "passord123", "last_login": null, "is_superuser": false, "username": "user_staff", "email": "user@staff.com", "first_name": "User", "last_name": "Staff", "is_staff": true, "is_active": true, "date_joined": "2016-06-19T11:25:18.006Z", "groups": [], "user_permissions": []}}, {"model": "data_models.member", "pk": 4, "fields": {"password": "password123", "last_login": null, "is_superuser": false, "username": "user_normal_inactive", "email": "user_normal@inactive.com", "first_name": "User Normal", "last_name": "Inactive", "is_staff": false, "is_active": false, "date_joined": "2016-06-19T11:26:12.940Z", "groups": [], "user_permissions": []}}, {"model": "data_models.member", "pk": 5, "fields": {"password": "passord123", "last_login": null, "is_superuser": false, "username": "user_staff_inactive", "email": "user_staff@inactive.com", "first_name": "User Staff", "last_name": "Inactive", "is_staff": true, "is_active": false, "date_joined": "2016-06-19T11:26:35.350Z", "groups": [], "user_permissions": []}}, {"model": "data_models.articleversion", "pk": 1, "fields": {"content": "Lorem ipsum dolor sit amet, consectetur adipiscing elit. Praesent accumsan egestas sapien sed elementum. Pellentesque tincidunt ligula eros, a finibus diam congue vitae. Vestibulum non molestie erat. Sed sed urna quis lectus dictum consequat at vel magna. Nunc finibus sodales fermentum. Sed id justo eu ante lobortis laoreet. Proin nisi magna, finibus vitae tellus vel, finibus dignissim ligula. Nullam sit amet ultricies libero. Curabitur interdum mollis lorem, in gravida velit luctus sit amet. Suspendisse consectetur, quam placerat placerat lacinia, dolor turpis iaculis lorem, vel aliquam magna lacus quis tellus. Proin rhoncus metus mauris, sit amet bibendum turpis eleifend vel. Ut blandit tellus at elit tempor lacinia. Nulla facilisi.", "parent_article": 1, "created_at": "2016-06-19T11:39:43.006Z", "created_by": 2}}, {"model": "data_models.articleversion", "pk": 2, "fields": {"content": "Lorem ipsum dolor sit amet, consectetur adipiscing elit. Praesent accumsan egestas sapien sed elementum. Pellentesque tincidunt ligula eros, a finibus diam congue vitae. Vestibulum non molestie erat. Sed sed urna quis lectus dictum consequat at vel magna. Nunc finibus sodales fermentum. Sed id justo eu ante lobortis laoreet. Proin nisi magna, finibus vitae tellus vel, finibus dignissim ligula. Nullam sit amet ultricies libero. Curabitur interdum mollis lorem, in gravida velit luctus sit amet. Suspendisse consectetur, quam placerat placerat lacinia, dolor turpis iaculis lorem, vel aliquam magna lacus quis tellus. Proin rhoncus metus mauris, sit amet bibendum turpis eleifend vel. Ut blandit tellus at elit tempor lacinia. Nulla facilisi.\r\n\r\nNam blandit, ex sed sollicitudin dignissim, lorem dui mattis purus, sit amet ullamcorper metus erat sed tortor. Pellentesque habitant morbi tristique senectus et netus et malesuada fames ac turpis egestas. Integer vel lacinia odio, eleifend posuere est. Mauris rhoncus lacus at dolor consequat, at congue felis auctor. Vestibulum ex quam, congue eget eleifend vitae, eleifend sit amet dui. Ut sodales purus vel neque egestas lacinia. Nullam nec pulvinar lacus, non luctus felis. Sed quis nisl efficitur, bibendum massa vitae, posuere turpis. Sed ac tincidunt lacus, eget pulvinar erat. Ut blandit nulla nibh, a feugiat nisi eleifend sit amet. Aliquam eleifend sollicitudin nibh ac bibendum.", "parent_article": 1, "created_at": "2016-06-19T11:39:54.988Z", "created_by": 2}}, {"model": "data_models.articleversion", "pk": 3, "fields": {"content": "Lorem ipsum dolor sit amet, consectetur adipiscing elit. Praesent accumsan egestas sapien sed elementum. Pellentesque tincidunt ligula eros, a finibus diam congue vitae. Vestibulum non molestie erat. Sed sed urna quis lectus dictum consequat at vel magna. Nunc finibus sodales fermentum. Sed id justo eu ante lobortis laoreet. Proin nisi magna, finibus vitae tellus vel, finibus dignissim ligula. Nullam sit amet ultricies libero. Curabitur interdum mollis lorem, in gravida velit luctus sit amet. Suspendisse consectetur, quam placerat placerat lacinia, dolor turpis iaculis lorem, vel aliquam magna lacus quis tellus. Proin rhoncus metus mauris, sit amet bibendum turpis eleifend vel. Ut blandit tellus at elit tempor lacinia. Nulla facilisi.\r\n\r\nNulla dapibus vulputate mollis. Donec feugiat, metus eget consectetur auctor, metus leo faucibus nibh, sit amet fringilla ligula ipsum eu massa. Maecenas facilisis risus non eros ullamcorper, in tristique ante rutrum. Proin pharetra quis arcu ac porttitor. Nullam dignissim efficitur venenatis. Vestibulum mollis accumsan leo vitae ullamcorper. Proin tempus consectetur diam id viverra.", "parent_article": 1, "created_at": "2016-06-19T11:40:20.367Z", "created_by": 2}}, {"model": "data_models.articleversion", "pk": 4, "fields": {"content": "Nam blandit, ex sed sollicitudin dignissim, lorem dui mattis purus, sit amet ullamcorper metus erat sed tortor. Pellentesque habitant morbi tristique senectus et netus et malesuada fames ac turpis egestas. Integer vel lacinia odio, eleifend posuere est. Mauris rhoncus lacus at dolor consequat, at congue felis auctor. Vestibulum ex quam, congue eget eleifend vitae, eleifend sit amet dui. Ut sodales purus vel neque egestas lacinia. Nullam nec pulvinar lacus, non luctus felis. Sed quis nisl efficitur, bibendum massa vitae, posuere turpis. Sed ac tincidunt lacus, eget pulvinar erat. Ut blandit nulla nibh, a feugiat nisi eleifend sit amet. Aliquam eleifend sollicitudin nibh ac bibendum.\r\n\r\nFusce tincidunt lacus eu nunc suscipit, convallis maximus est aliquet. Sed eleifend scelerisque lectus id dictum. Nullam imperdiet quam vitae lacus facilisis posuere. Nam sit amet cursus nunc. Maecenas consectetur elementum felis eget convallis. Vestibulum malesuada erat at leo molestie, in vulputate ipsum consectetur. Maecenas aliquam augue ut lacus rutrum dictum. Vestibulum elementum hendrerit arcu id rhoncus.", "parent_article": 2, "created_at": "2016-06-19T11:41:15.821Z", "created_by": 2}}, {"model": "data_models.articleversion", "pk": 5, "fields": {"content": "Nulla dapibus vulputate mollis. Donec feugiat, metus eget consectetur auctor, metus leo faucibus nibh, sit amet fringilla ligula ipsum eu massa. Maecenas facilisis risus non eros ullamcorper, in tristique ante rutrum. Proin pharetra quis arcu ac porttitor. Nullam dignissim efficitur venenatis. Vestibulum mollis accumsan leo vitae ullamcorper. Proin tempus consectetur diam id viverra.\r\n\r\nSed id hendrerit purus. Vivamus in iaculis ex. Duis tortor nibh, molestie quis lacinia at, mollis sit amet purus. Cras tincidunt fermentum ornare. Cras condimentum finibus tristique. Nulla tempus, risus eu aliquam ultrices, nisi urna vulputate arcu, a pulvinar arcu eros vitae velit. Duis nisi est, egestas tempor magna sit amet, consectetur commodo lorem. Nulla facilisi. Vivamus a sem a libero feugiat posuere. Interdum et malesuada fames ac ante ipsum primis in faucibus. Phasellus eget posuere velit. Curabitur facilisis dui vel pretium vehicula. Nulla leo ligula, vehicula eget ante et, finibus sodales erat. Donec id molestie libero.", "parent_article": 3, "created_at": "2016-06-19T11:42:03.722Z", "created_by": 2}}, {"model": "data_models.articleversion", "pk": 6, "fields": {"content": "Lorem ipsum dolor sit amet, consectetur adipiscing elit. Praesent accumsan egestas sapien sed elementum. Pellentesque tincidunt ligula eros, a finibus diam congue vitae. Vestibulum non molestie erat. Sed sed urna quis lectus dictum consequat at vel magna. Nunc finibus sodales fermentum. Sed id justo eu ante lobortis laoreet. Proin nisi magna, finibus vitae tellus vel, finibus dignissim ligula. Nullam sit amet ultricies libero. Curabitur interdum mollis lorem, in gravida velit luctus sit amet. Suspendisse consectetur, quam placerat placerat lacinia, dolor turpis iaculis lorem, vel aliquam magna lacus quis tellus. Proin rhoncus metus mauris, sit amet bibendum turpis eleifend vel. Ut blandit tellus at elit tempor lacinia. Nulla facilisi.", "parent_article": 3, "created_at": "2016-06-19T11:42:15.511Z", "created_by": 2}}, {"model": "data_models.articleversion", "pk": 7, "fields": {"content": "Fusce tincidunt lacus eu nunc suscipit, convallis maximus est aliquet. Sed eleifend scelerisque lectus id dictum. Nullam imperdiet quam vitae lacus facilisis posuere. Nam sit amet cursus nunc. Maecenas consectetur elementum felis eget convallis. Vestibulum malesuada erat at leo molestie, in vulputate ipsum consectetur. Maecenas aliquam augue ut lacus rutrum dictum. Vestibulum elementum hendrerit arcu id rhoncus.", "parent_article": 4, "created_at": "2016-06-19T11:42:45.915Z", "created_by": 2}}, {"model": "data_models.articleversion", "pk": 8, "fields": {"content": "Sed id hendrerit purus. Vivamus in iaculis ex. Duis tortor nibh, molestie quis lacinia at, mollis sit amet purus. Cras tincidunt fermentum ornare. Cras condimentum finibus tristique. Nulla tempus, risus eu aliquam ultrices, nisi urna vulputate arcu, a pulvinar arcu eros vitae velit. Duis nisi est, egestas tempor magna sit amet, consectetur commodo lorem. Nulla facilisi. Vivamus a sem a libero feugiat posuere. Interdum et malesuada fames ac ante ipsum primis in faucibus. Phasellus eget posuere velit. Curabitur facilisis dui vel pretium vehicula. Nulla leo ligula, vehicula eget ante et, finibus sodales erat. Donec id molestie libero.", "parent_article": 5, "created_at": "2016-06-19T11:43:44.355Z", "created_by": 2}}, {"model": "data_models.articleversion", "pk": 9, "fields": {"content": "Fusce tincidunt lacus eu nunc suscipit, convallis maximus est aliquet. Sed eleifend scelerisque lectus id dictum. Nullam imperdiet quam vitae lacus facilisis posuere. Nam sit amet cursus nunc. Maecenas consectetur elementum felis eget convallis. Vestibulum malesuada erat at leo molestie, in vulputate ipsum consectetur. Maecenas aliquam augue ut lacus rutrum dictum. Vestibulum elementum hendrerit arcu id rhoncus.", "parent_article": 5, "created_at": "2016-06-19T11:43:55.852Z", "created_by": 2}}, {"model": "data_models.articleversion", "pk": 10, "fields": {"content": "Lorem ipsum dolor sit amet, consectetur adipiscing elit. Praesent accumsan egestas sapien sed elementum. Pellentesque tincidunt ligula eros, a finibus diam congue vitae. Vestibulum non molestie erat. Sed sed urna quis lectus dictum consequat at vel magna. Nunc finibus sodales fermentum. Sed id justo eu ante lobortis laoreet. Proin nisi magna, finibus vitae tellus vel, finibus dignissim ligula. Nullam sit amet ultricies libero. Curabitur interdum mollis lorem, in gravida velit luctus sit amet. Suspendisse consectetur, quam placerat placerat lacinia, dolor turpis iaculis lorem, vel aliquam magna lacus quis tellus. Proin rhoncus metus mauris, sit amet bibendum turpis eleifend vel. Ut blandit tellus at elit tempor lacinia. Nulla facilisi.\r\n\r\nFusce tincidunt lacus eu nunc suscipit, convallis maximus est aliquet. Sed eleifend scelerisque lectus id dictum. Nullam imperdiet quam vitae lacus facilisis posuere. Nam sit amet cursus nunc. Maecenas consectetur elementum felis eget convallis. Vestibulum malesuada erat at leo molestie, in vulputate ipsum consectetur. Maecenas aliquam augue ut lacus rutrum dictum. Vestibulum elementum hendrerit arcu id rhoncus.", "parent_article": 6, "created_at": "2016-06-19T11:45:31.510Z", "created_by": 3}}, {"model": "data_models.articleversion", "pk": 11, "fields": {"content": "Lorem ipsum dolor sit amet, consectetur adipiscing elit. Praesent accumsan egestas sapien sed elementum. Pellentesque tincidunt ligula eros, a finibus diam congue vitae. Vestibulum non molestie erat. Sed sed urna quis lectus dictum consequat at vel magna. Nunc finibus sodales fermentum. Sed id justo eu ante lobortis laoreet. Proin nisi magna, finibus vitae tellus vel, finibus dignissim ligula. Nullam sit amet ultricies libero. Curabitur interdum mollis lorem, in gravida velit luctus sit amet. Suspendisse consectetur, quam placerat placerat lacinia, dolor turpis iaculis lorem, vel aliquam magna lacus quis tellus. Proin rhoncus metus mauris, sit amet bibendum turpis eleifend vel. Ut blandit tellus at elit tempor lacinia. Nulla facilisi.\r\n\r\nFusce tincidunt lacus eu nunc suscipit, convallis maximus est aliquet. Sed eleifend scelerisque lectus id dictum. Nullam imperdiet quam vitae lacus facilisis posuere. Nam sit amet cursus nunc. Maecenas consectetur elementum felis eget convallis. Vestibulum malesuada erat at leo molestie, in vulputate ipsum consectetur. Maecenas aliquam augue ut lacus rutrum dictum. Vestibulum elementum hendrerit arcu id rhoncus.\r\n\r\nNulla dapibus vulputate mollis. Donec feugiat, metus eget consectetur auctor, metus leo faucibus nibh, sit amet fringilla ligula ipsum eu massa. Maecenas facilisis risus non eros ullamcorper, in tristique ante rutrum. Proin pharetra quis arcu ac porttitor. Nullam dignissim efficitur venenatis. Vestibulum mollis accumsan leo vitae ullamcorper. Proin tempus consectetur diam id viverra.", "parent_article": 6, "created_at": "2016-06-19T11:45:46.114Z", "created_by": 1}}, {"model": "data_models.articleversion", "pk": 12, "fields": {"content": "Pellentesque tincidunt ligula eros, a finibus diam congue vitae. Vestibulum non molestie erat. Sed sed urna quis lectus dictum consequat at vel magna. Nunc finibus sodales fermentum. Sed id justo eu ante lobortis laoreet. Proin nisi magna, finibus vitae tellus vel, finibus dignissim ligula. Nullam sit amet ultricies libero. Curabitur interdum mollis lorem, in gravida velit luctus sit amet. Suspendisse consectetur, quam placerat placerat lacinia, dolor turpis iaculis lorem, vel aliquam magna lacus quis tellus. Proin rhoncus metus mauris, sit amet bibendum turpis eleifend vel. Ut blandit tellus at elit tempor lacinia. Nulla facilisi.\r\n\r\nFusce tincidunt lacus eu nunc suscipit, convallis maximus est aliquet. Sed eleifend scelerisque lectus id dictum. Nullam imperdiet quam vitae lacus facilisis posuere. Nam sit amet cursus nunc. Maecenas consectetur elementum felis eget convallis. Vestibulum malesuada erat at leo molestie, in vulputate ipsum consectetur. Maecenas aliquam augue ut lacus rutrum dictum. Vestibulum elementum hendrerit arcu id rhoncus.\r\n\r\nNulla dapibus vulputate mollis. Donec feugiat, metus eget consectetur auctor, metus leo faucibus nibh, sit amet fringilla ligula ipsum eu massa. Maecenas facilisis risus non eros ullamcorper, in tristique ante rutrum. Proin pharetra quis arcu ac porttitor. Nullam dignissim efficitur venenatis. Vestibulum mollis accumsan leo vitae ullamcorper. Proin tempus consectetur diam id viverra.", "parent_article": 6, "created_at": "2016-06-19T11:46:03.606Z", "created_by": 5}}, {"model": "data_models.articleversion", "pk": 13, "fields": {"content": "Pellentesque tincidunt ligula eros, a finibus diam congue vitae. Vestibulum non molestie erat. Sed sed urna quis lectus dictum consequat at vel magna. Nunc finibus sodales fermentum. Sed id justo eu ante lobortis laoreet. Proin nisi magna, finibus vitae tellus vel, finibus dignissim ligula. Nullam sit amet ultricies libero. Curabitur interdum mollis lorem, in gravida velit luctus sit amet. Suspendisse consectetur, quam placerat placerat lacinia, dolor turpis iaculis lorem, vel aliquam magna lacus quis tellus. Proin rhoncus metus mauris, sit amet bibendum turpis eleifend vel. Ut blandit tellus at elit tempor lacinia. Nulla facilisi.\r\n\r\nFusce tincidunt lacus eu nunc suscipit, convallis maximus est aliquet. Sed eleifend scelerisque lectus id dictum. Nullam imperdiet quam vitae lacus facilisis posuere. Nam sit amet cursus nunc. Maecenas consectetur elementum felis eget convallis. Vestibulum malesuada erat at leo molestie, in vulputate ipsum consectetur. Maecenas aliquam augue ut lacus rutrum dictum. Vestibulum elementum hendrerit arcu id rhoncus.\r\nNulla dapibus vulputate mollis. Donec feugiat, metus eget consectetur auctor, metus leo faucibus nibh, sit amet fringilla ligula ipsum eu massa. Maecenas facilisis risus non eros ullamcorper, in tristique ante rutrum. Proin pharetra quis arcu ac porttitor. Nullam dignissim efficitur venenatis. Vestibulum mollis accumsan leo vitae ullamcorper. Proin tempus consectetur diam id viverra.", "parent_article": 7, "created_at": "2016-06-19T11:47:03.130Z", "created_by": 5}}, {"model": "data_models.articleversion", "pk": 14, "fields": {"content": "Nulla facilisi. Vivamus a sem a libero feugiat posuere. Interdum et malesuada fames ac ante ipsum primis in faucibus. Phasellus eget posuere velit. Curabitur facilisis dui vel pretium vehicula. Nulla leo ligula, vehicula eget ante et, finibus sodales erat. Donec id molestie libero.\r\n\r\nNam sit amet cursus nunc. Maecenas consectetur elementum felis eget convallis. Vestibulum malesuada erat at leo molestie, in vulputate ipsum consectetur. Maecenas aliquam augue ut lacus rutrum dictum. Vestibulum elementum hendrerit arcu id rhoncus.", "parent_article": 8, "created_at": "2016-06-19T11:49:42.820Z", "created_by": 3}}, {"model": "data_models.articleversion", "pk": 15, "fields": {"content": "Lorem ipsum dolor sit amet, consectetur adipiscing elit. Praesent accumsan egestas sapien sed elementum. Pellentesque tincidunt ligula eros, a finibus diam congue vitae. Vestibulum non molestie erat. Sed sed urna quis lectus dictum consequat at vel magna. Nunc finibus sodales fermentum. Sed id justo eu ante lobortis laoreet. Proin nisi magna, finibus vitae tellus vel, finibus dignissim ligula. Nullam sit amet ultricies libero. Curabitur interdum mollis lorem, in gravida velit luctus sit amet. Suspendisse consectetur, quam placerat placerat lacinia, dolor turpis iaculis lorem, vel aliquam magna lacus quis tellus. Proin rhoncus metus mauris, sit amet bibendum turpis eleifend vel. Ut blandit tellus at elit tempor lacinia. Nulla facilisi.", "parent_article": 8, "created_at": "2016-06-19T11:49:56.094Z", "created_by": 3}}, {"model": "data_models.articleversion", "pk": 16, "fields": {"content": "Lorem ipsum dolor sit amet, consectetur adipiscing elit. Praesent accumsan egestas sapien sed elementum. Pellentesque tincidunt ligula eros, a finibus diam congue vitae. Vestibulum non molestie erat. Sed sed urna quis lectus dictum consequat at vel magna. Nunc finibus sodales fermentum. Sed id justo eu ante lobortis laoreet. Proin nisi magna, finibus vitae tellus vel, finibus dignissim ligula. Nullam sit amet ultricies libero. Curabitur interdum mollis lorem, in gravida velit luctus sit amet. Suspendisse consectetur, quam placerat placerat lacinia, dolor turpis iaculis lorem, vel aliquam magna lacus quis tellus. Proin rhoncus metus mauris, sit amet bibendum turpis eleifend vel. Ut blandit tellus at elit tempor lacinia. Nulla facilisi.", "parent_article": 9, "created_at": "2016-06-19T11:50:57.720Z", "created_by": 3}}, {"model": "data_models.articleversion", "pk": 17, "fields": {"content": "Nulla dapibus vulputate mollis. Donec feugiat, metus eget consectetur auctor, metus leo faucibus nibh, sit amet fringilla ligula ipsum eu massa. Maecenas facilisis risus non eros ullamcorper, in tristique ante rutrum. Proin pharetra quis arcu ac porttitor. Nullam dignissim efficitur venenatis. Vestibulum mollis accumsan leo vitae ullamcorper. Proin tempus consectetur diam id viverra.", "parent_article": 10, "created_at": "2016-06-19T11:51:52.504Z", "created_by": 1}}, {"model": "data_models.articleversion", "pk": 18, "fields": {"content": "Nam blandit, ex sed sollicitudin dignissim, lorem dui mattis purus, sit amet ullamcorper metus erat sed tortor. Pellentesque habitant morbi tristique senectus et netus et malesuada fames ac turpis egestas. Integer vel lacinia odio, eleifend posuere est. Mauris rhoncus lacus at dolor consequat, at congue felis auctor. Vestibulum ex quam, congue eget eleifend vitae, eleifend sit amet dui. Ut sodales purus vel neque egestas lacinia. Nullam nec pulvinar lacus, non luctus felis. Sed quis nisl efficitur, bibendum massa vitae, posuere turpis. Sed ac tincidunt lacus, eget pulvinar erat. Ut blandit nulla nibh, a feugiat nisi eleifend sit amet. Aliquam eleifend sollicitudin nibh ac bibendum.", "parent_article": 10, "created_at": "2016-06-19T11:52:30.298Z", "created_by": 5}}, {"model": "data_models.articleversion", "pk": 19, "fields": {"content": "Nam blandit, ex sed sollicitudin dignissim, lorem dui mattis purus, sit amet ullamcorper metus erat sed tortor. Pellentesque habitant morbi tristique senectus et netus et malesuada fames ac turpis egestas. Integer vel lacinia odio, eleifend posuere est. Mauris rhoncus lacus at dolor consequat, at congue felis auctor. Vestibulum ex quam, congue eget eleifend vitae, eleifend sit amet dui. Ut sodales purus vel neque egestas lacinia. Nullam nec pulvinar lacus, non luctus felis. Sed quis nisl efficitur, bibendum massa vitae, posuere turpis. Sed ac tincidunt lacus, eget pulvinar erat. Ut blandit nulla nibh, a feugiat nisi eleifend sit amet. Aliquam eleifend sollicitudin nibh ac bibendum.", "parent_article": 11, "created_at": "2016-06-19T11:52:59.431Z", "created_by": 5}}, {"model": "data_models.articleversion", "pk": 20, "fields": {"content": "Nam blandit, ex sed sollicitudin dignissim, lorem dui mattis purus, sit amet ullamcorper metus erat sed tortor. Pellentesque habitant morbi tristique senectus et netus et malesuada fames ac turpis egestas. Integer vel lacinia odio, eleifend posuere est. Mauris rhoncus lacus at dolor consequat, at congue felis auctor. Vestibulum ex quam, congue eget eleifend vitae, eleifend sit amet dui. Ut sodales purus vel neque egestas lacinia. Nullam nec pulvinar lacus, non luctus felis. Sed quis nisl efficitur, bibendum massa vitae, posuere turpis. Sed ac tincidunt lacus, eget pulvinar erat. Ut blandit nulla nibh, a feugiat nisi eleifend sit amet. Aliquam eleifend sollicitudin nibh ac bibendum.\r\n\r\nFusce tincidunt lacus eu nunc suscipit, convallis maximus est aliquet. Sed eleifend scelerisque lectus id dictum. Nullam imperdiet quam vitae lacus facilisis posuere. Nam sit amet cursus nunc. Maecenas consectetur elementum felis eget convallis. Vestibulum malesuada erat at leo molestie, in vulputate ipsum consectetur. Maecenas aliquam augue ut lacus rutrum dictum. Vestibulum elementum hendrerit arcu id rhoncus.", "parent_article": 11, "created_at": "2016-06-19T11:53:11.540Z", "created_by": 1}}, {"model": "data_models.articleversion", "pk": 21, "fields": {"content": "Nunc finibus sodales fermentum. Sed id justo eu ante lobortis laoreet. Proin nisi magna, finibus vitae tellus vel, finibus dignissim ligula. Nullam sit amet ultricies libero. Curabitur interdum mollis lorem, in gravida velit luctus sit amet. Suspendisse consectetur, quam placerat placerat lacinia, dolor turpis iaculis lorem, vel aliquam magna lacus quis tellus. Proin rhoncus metus mauris, sit amet bibendum turpis eleifend vel.\r\n\r\nFusce tincidunt lacus eu nunc suscipit, convallis maximus est aliquet. Sed eleifend scelerisque lectus id dictum. Nullam imperdiet quam vitae lacus facilisis posuere. Nam sit amet cursus nunc. Maecenas consectetur elementum felis eget convallis. Vestibulum malesuada erat at leo molestie, in vulputate ipsum consectetur. Maecenas aliquam augue ut lacus rutrum dictum. Vestibulum elementum hendrerit arcu id rhoncus.", "parent_article": 11, "created_at": "2016-06-19T11:53:33.616Z", "created_by": 3}}, {"model": "data_models.articleversion", "pk": 22, "fields": {"content": "Fusce tincidunt lacus eu nunc suscipit, convallis maximus est aliquet. Sed eleifend scelerisque lectus id dictum. Nullam imperdiet quam vitae lacus facilisis posuere. Nam sit amet cursus nunc. Maecenas consectetur elementum felis eget convallis.", "parent_article": 12, "created_at": "2016-06-19T11:54:24.751Z", "created_by": 4}}, {"model": "data_models.article", "pk": 1, "fields": {"title": "Article 1", "category": 2, "current_version": 3, "deleted": false, "created_at": "2016-06-19T11:35:44.466Z", "updated_at": "2016-06-19T11:40:43.678Z", "created_by": 2, "access": 1}}, {"model": "data_models.article", "pk": 2, "fields": {"title": "Article 2", "category": 3, "current_version": 4, "deleted": false, "created_at": "2016-06-19T11:35:57.215Z", "updated_at": "2016-06-19T11:41:33.800Z", "created_by": 2, "access": 1}}, {"model": "data_models.article", "pk": 3, "fields": {"title": "Article 3", "category": 4, "current_version": 6, "deleted": false, "created_at": "2016-06-19T11:36:05.268Z", "updated_at": "2016-06-19T11:42:28.840Z", "created_by": 2, "access": 1}}, {"model": "data_models.article", "pk": 4, "fields": {"title": "Article 4", "category": 5, "current_version": 7, "deleted": false, "created_at": "2016-06-19T11:36:19.547Z", "updated_at": "2016-06-19T11:42:58.397Z", "created_by": 2, "access": 1}}, {"model": "data_models.article", "pk": 5, "fields": {"title": "Article 5", "category": 1, "current_version": 9, "deleted": false, "created_at": "2016-06-19T11:36:27.732Z", "updated_at": "2016-06-19T11:44:08.756Z", "created_by": 2, "access": 1}}, {"model": "data_models.article", "pk": 6, "fields": {"title": "Article 6", "category": 2, "current_version": 12, "deleted": false, "created_at": "2016-06-19T11:37:06.332Z", "updated_at": "2016-06-19T11:47:37.492Z", "created_by": 3, "access": 1}}, {"model": "data_models.article", "pk": 7, "fields": {"title": "Article 7", "category": 3, "current_version": 13, "deleted": false, "created_at": "2016-06-19T11:37:19.000Z", "updated_at": "2016-06-19T11:48:45.062Z", "created_by": 3, "access": 2}}, {"model": "data_models.article", "pk": 8, "fields": {"title": "Article 8", "category": 4, "current_version": 14, "deleted": false, "created_at": "2016-06-19T11:37:26.455Z", "updated_at": "2016-06-19T11:50:14.531Z", "created_by": 3, "access": 2}}, {"model": "data_models.article", "pk": 9, "fields": {"title": "Article 9", "category": 5, "current_version": 16, "deleted": false, "created_at": "2016-06-19T11:37:33.554Z", "updated_at": "2016-06-19T11:51:24.061Z", "created_by": 3, "access": 2}}, {"model": "data_models.article", "pk": 10, "fields": {"title": "Article 10", "category": 2, "current_version": 17, "deleted": false, "created_at": "2016-06-19T11:37:59.046Z", "updated_at": "2016-06-19T11:52:05.561Z", "created_by": 1, "access": 4}}, {"model": "data_models.article", "pk": 11, "fields": {"title": "Article 11", "category": 2, "current_version": 21, "deleted": false, "created_at": "2016-06-19T11:38:07.723Z", "updated_at": "2016-06-19T11:53:46.886Z", "created_by": 1, "access": 6}}, {"model": "data_models.article", "pk": 12, "fields": {"title": "Article 12", "category": 1, "current_version": 22, "deleted": true, "created_at": "2016-06-19T11:38:30.255Z", "updated_at": "2016-06-19T11:54:32.713Z", "created_by": 4, "access": 1}}]